Country,Year,Budget Deficit/Surplus,Capital Expenditure,Consumer Price Index (CPI),Defence Expenditure,Education Expenditure,Expenditure,Exports,Food Inflation,Food Inflation YoY,GDP Growth Rate,GDP per Capita,GDP per capita,Government Debt,Health Expenditure,Imports,Inflation Rate,Interest Rate,Labour Force,Nominal GDP,Population,Real GDP,Revenue,Tax Revenue,Unemployment Rate,Value Added Tax (VAT)
Algeria,1977,,,,,,,6,,,,,,,,-6.21,,,,,,,,,,
Algeria,1978,,,,,,,6.3,,,,,,,,-7.32,,,,,,,,,,
Algeria,1979,,,,,,,9.5,,,,,,,,-7.82,,,,,,,,,,
Algeria,1980,,,,,,,13.7,,,,,,,,-9.61,,,,,,,,,,
Algeria,1981,,,,,,,14.1,,,,,,,,-10.11,,,,,,,,,,
Algeria,1982,,,,,,,13.5,,,,,,,,-9.92,,,,,,,,,,
Algeria,1983,,,,,,,12.7,,,,,,,,-9.54,,,,,,,,,,
Algeria,1984,,,,,,,12.8,,,,,,,,-9.24,,,,,,,,,,
Algeria,1985,,,,,,,13,,,,,,,,-8.81,,,,,,,,,,
Algeria,1986,,,,,,,8.1,,,,,,,,-8.53,,,,,,,,,,
Algeria,1987,,,,,,,9,,,,,,,,-7.27,,,,,,,,,,
Algeria,1988,,,,,,,7.6,,,,,,,,-7.69,,,,,,,,,,
Algeria,1989,,,,,,,9.6,,,,,,,,-9.47,,,,,,,,,,
Algeria,1990,,,,,,,12.9,,,,,,,,-9.77,,,,,,,,,,
Algeria,1991,,,,,,,12.4,,,,,,,,-7.77,,,,,,,,,,
Algeria,1992,,,,,,,11.5,,,,,,,,-8.3,,,,,,,,,,
Algeria,1993,,,,,,,10.4,,,,,,,,-7.99,,,,,,,,,,
Algeria,1994,,,,,,,8.9,,,,,,,,-9.15,,,,,,,,,,
Algeria,1995,,,,,,,10.3,,,,,,,,-10.1,,,,,,,,,,
Algeria,1996,,,,,,,13.2,,,,,,,,-9.09,,,,,,,,,,
Algeria,1997,,,,,,,13.8,,,,,,,,-8.13,,,,,,,,,,
Algeria,1998,,,,,,,10.1,,,,,,,,-8.63,,,,,,,,,,
Algeria,1999,,,,,,,12.3,,,,,,,,-8.96,,,,,,,,,,
Algeria,2000,,,,,,,21.7,,,,,,,,-9.35,,,,,,,,,,
Algeria,2001,,,,,,,19.1,,,,,,,,-9.48,,,,4587607,,,,,,
Algeria,2002,,,101.74,,,,18.7,,,5.4,,,,,-12.01,,,,4901720,,,,,,
Algeria,2003,,,101.48,,,,24.5,,,6.5,,,,,-13.32,,,,5687158,,,,,,
Algeria,2004,,,108.96,,,,32.2,4.55,,4.5,,,,,-17.95,4.9,,,6623355,,,,,,
Algeria,2005,,,111.8,,,,46.3,4.06,,5.4,,,,,-19.85,3.58,,,7843981,,,,,,
Algeria,2006,,,112.5,,,,54.7,-1.45,,2.9,,,,,-20.68,1.22,,,8941655,,,,,,
Algeria,2007,,,115.17,,,,60.6,4.65,,3.1,,,,,-26.35,2.46,,,9872971,,,,,,
Algeria,2008,,,120.39,,,,78.6,6.74,,2.5,,,,,-37.99,3.86,,,11649694,,,,,,
Algeria,2009,,,126.98,,,,45.2,7.43,,1.2,,,,,-37.4,4.94,,,10920163,,,,,,
Algeria,2010,,,133.52,,,,57.1,8.25,,4.8,,,,,-38.89,5.71,,,13224716,,,,,,
Algeria,2011,,,138.29,,,,72.9,3.85,,3,,,,,-46.93,3.78,,,15924670,,,,,,
Algeria,2012,,,148.71,,,,71.7,4.71,,2.4,,,,,-51.57,4.86,,,17611810,,,,,,
Algeria,2013,,,160.33,,,,64.9,12.35,,2.6,,,,,-54.99,8.91,,,18231035,,,,,,
Algeria,2014,,,161.4,,,,60.1,2.46,,4.1,,,,,-59.67,2.67,,,19253765,,,,,,
Algeria,2015,,,168.91,,,,34.6,4.26,,3.2,,,,,-52.65,3.25,,,18879025,,,,,,
Algeria,2016,,,177.42,,,,29.3,4.39,,3.9,,,,,-49.44,4.82,,,19783349,,,,,,
Algeria,2017,,,191.74,,,,34.6,3.8,,1.5,,,,,-48.98,6.65,,,21071656,,,,,,
Algeria,2018,,,198.59,,,,41.1,4.59,,1.4,,,,,-48.57,5.22,,,22683845,,,,,,
Algeria,2019,,,203.74,,,,35.3,3.34,,0.9,,,,,-44.63,4.18,,,23090099,,,,,,
Algeria,2020,,,207.66,,,,21.9,-0.76,,-5,,,,,-35.55,1.9,,,20902124,,,,,,
Algeria,2021,,,216.45,,,,38.6,0.63,,3.8,,,,,-37.47,2.61,,,25153206,,,,,,
Algeria,2022,,,236,,,,65.7,10.9,,3.6,,,,,-38.87,7.62,,,32039527,,,,,,
Algeria,2023,,,257.98,,,,55,13.43,,3,,,,,-42.96,9.29,,,33638264,,,,,,
Algeria,2024,,,274.32,,,,,12.69,,3.6,,,,,,9.06,,,35788498.8,,,,,,
Algeria,2025,,,284.46,,,,,2.88,,,,,,,,3.84,,,,,,,,,
Angola,1990,,,,,,,3882.7,,,,,,,,,,,,,,,,,,
Angola,1991,,,,,,,3449.2,,,,,,,,,,,,,,,,,,
Angola,1992,,,,,,,3832.7,,,,,,,,,,,,,,,,,,
Angola,1993,,,,,,,2900.4,,,,,,,,,,,,,,,,,,
Angola,1994,,,,,,,3016.7,,,,,,,,,,,,,,,,,,
Angola,1995,,,,,,,3722.7,,,,,,,,,,,,,,,,,,
Angola,1996,,,,,,,5094.8,,,,,,,,,,,,,,,,,,
Angola,1997,,,,,,,5006.7,,,,,,,,,,,,,,,,,,
Angola,1998,,,,,,,3542.9,,,,,,,,,,,,,,,,,,
Angola,1999,,,,,,,5156.5,,,,,,,,,,,,,,,,,,
Angola,2000,,,,,,,7920.7,,,,,,,,,,,,,,,,,,
Angola,2001,,,,,,,6534.3,,,,,,,,,,,,,,,,,,
Angola,2002,,,,,,,8327.9,,,,55490,,,,,,,,753573.7197,13580345.51,,,,,
Angola,2003,,,,,,,9508.2,,,3.49,107760,,,,5480.12,,,,1517650.933,14083677.03,779853.1894,,,,
Angola,2004,,,,,,,13475,,,11.42,155336,,,,5831.78,,,,2255447.872,14519769.61,1690964.596,,,,
Angola,2005,,,,,,,24109.4,,,14.15,241374,,,,8353.24,,,,3608095.309,14948177.73,2574701.5,,,,
Angola,2006,,,,,,,31862.2,,,11.84,305893,,,,8777.63,,,,4713881.568,15410205.33,4035359.384,,,,
Angola,2007,,,,,,,44396.2,,,13,352609,,,,13661.46,,,,5602449.613,15888562.39,5326812.926,,,,
Angola,2008,,,,,,,63913.9,,,10.79,452873,,,,20982.19,,,,7412577.53,16367880,6206765.463,,,,
Angola,2009,,,,,,,40827.9,,,2,383775,,,,22659.94,,,,6481521.8,16888858,7560502.119,,,,
Angola,2010,,,,,,,50594.9,,,5.29,507350,,,,16666.86,,,,8781308.454,17308202.75,6824631.898,,,,
Angola,2011,,,,,,,67310.3,,,3.59,663525,,,,20228.45,,,,11793661.42,17774262.37,9096897.229,,,,
Angola,2012,,,,,,,71093.3,,,8.5,751446,,,,23703.84,,10.3,,13706611.88,18240321.99,12796490.94,,,,
Angola,2013,,,,,,,68246.5,,,4.88,793353,,,,26330.99,,10,,14840760.47,18706381.61,14375914.13,,,,
Angola,2014,,,,,,,59169.9,,,4.66,624129,,,,28580.27,,9.3,,16165667.82,25901182,15531705.26,,,,
Angola,2015,,,,,,,33181.1,,,0.76,592443,,,,20692.54,,9,,15807317.33,26681590,16289040.59,,,,
Angola,2016,,,,,,,27588.9,,,-1.7,682888,,,,13040.49,,12,,18781815.99,27503526,15538509.1,,,,
Angola,2017,,,,,,,34613.5,,,-0.15,818092,,,,14463.24,,16,,23200798.62,28359634,18753756.66,,,,
Angola,2018,,,,,,,40757.8,,,-0.59,987124,,,,15797.85,,18,,28873391.11,29250009,23062890.47,,,,
Angola,2019,,,,,,,34725.6,,,-0.2,1144586,,,,14127.06,,15.8,,34538508.02,30175553,28814292.98,,,,
Angola,2020,,,,,,,20937.4,,,-4.04,1235754,,,,9543.14,,15.5,,38466148.28,31127674,33142307.05,,,,
Angola,2021,,,101.5,,,,33581.5,,,2.1,1659871,,,,11794.85,,15.5,,53277982.46,32097671,39274996.18,,,,
Angola,2022,,,129.57,,,,50038,,,4.22,1982276,,,,17267.32,,20,,65586149.32,33086278,55524183.58,,,,
Angola,2023,,,145.83,,,,36884.7,,,1.26,2298268,,,,15084.85,12.55,19.5,,78322351.9,34078866.34,66414704.48,,,,
Angola,2024,,,177.89,,,,36795,,,3.79,,,,,14190.24,21.99,18,,,,,,,,
Angola,2025,,,224.99,,,,7778.95,,,3.51,,,,,3806.89,26.48,19.5,,,,,,,,
Botswana,1960,,,,,,,,,,,,,,,,,,,,516165,,,,,
Botswana,1961,,,,,,,,,,,,,,,,,,,,527942,,,,,
Botswana,1962,,,,,,,,,,,,,,,,,,,,540186,,,,,
Botswana,1963,,,,,,,,,,,,,,,,,,,,552966,,,,,
Botswana,1964,,,,,,,,,,,,,,,,,,,,566266,,,,,
Botswana,1965,,,,,,,,,,,,,,,,,,,,574664,,,,,
Botswana,1966,,,,,,,,,,,,,,,,,,,,577866,,,,,
Botswana,1967,,,,,,,,,,,,,,,,,,,,580933,,,,,
Botswana,1968,,,,,,,,,,,,,,,,,,,,583966,,,,,
Botswana,1969,,,,,,,,,,,,,,,,,,,,587066,,,,,
Botswana,1970,,,,,,,,,,,,,,,,,,,,590334,,,,,
Botswana,1971,,,,,,,,,,,,,,,,,,,,600481,,,,,
Botswana,1972,,,,,,,,,,,,,,,,,,,,622407,,,,,
Botswana,1973,,,,,,,,,,,,,,,,,,,,652408,,,,,
Botswana,1974,,,,,,,,,,,,,,,,,,,,685448,,,,,
Botswana,1975,,,,,,,,,,,,,,,,,,,,720380,,,,,
Botswana,1976,,,,,,,,,,,,,,,,,,,,758508,,,,,
Botswana,1977,,,,,,,,,,,,,,,,,,,,799574,,,,,
Botswana,1978,,,,,,,,,,,,,,,,,,,,849239,,,,,
Botswana,1979,,,,,,,,,,,,,,,,,,,,901742,,,,,
Botswana,1980,,,,,,,,,,,,,,,,,,,,937485,,,,,
Botswana,1981,,,,,,,,,,,,,,,,,,,,969996,,,,,
Botswana,1982,,,,,,,,,,,,,,,,,,,,1009269,,,,,
Botswana,1983,,,,,,,,,,,,,,,,,,,,1046137,,,,,
Botswana,1984,,,,,,,,,,,,,,,,,,,,1083660,,,,,
Botswana,1985,,,,,,,,,,,,,,,,,,,,1121945,,,,,
Botswana,1986,,,,,,,,,,,,,,,,,,,,1160650,,,,,
Botswana,1987,,,,,,,,,,,,,,,,,,,,1199167,,,,,
Botswana,1988,,,,,,,,,,,,,,,,,,,,1235476,,,,,
Botswana,1989,,,,,,,,,,,,,,,,,,,,1270274,,,,,
Botswana,1990,,,,,,,,,,,,,,,,,,,,1305696,,,,,
Botswana,1991,,,,,,,,,,,,,,,,,,,,1341756,,,,,
Botswana,1992,,,,,,,,,,,,,,,,,,,,1380033,,,,,
Botswana,1993,,,,,,,,,,,,,,,,,,,,1420115,,,,,
Botswana,1994,,,,,,,,,,,,,,,,,,,,1460023,,,,,
Botswana,1995,,,,,,,,,,,,,,,,,,,,1498836,,,,,
Botswana,1996,,,,,,,,,,,,,,,,,,,,1535914,,,,,
Botswana,1997,,,,,,,,,,,,,,,,,,,,1571691,,,,,
Botswana,1998,,,,,,,,,,,,,,,,,,,,1606899,,,,,
Botswana,1999,,,,,,,,,,,,,,,,,,,,1641997,,,,,
Botswana,2000,,,,,,,,,,,,,,,,,,,,1677382,,,,,
Botswana,2001,,,,,,,,,,,,,,,,,,,,1712254,,,,,
Botswana,2002,,,,,,,,,,,,,,,,,,,,1744763,,,,,
Botswana,2003,,,,,,,,,,,,,,,,,,,,1775736,,,,,
Botswana,2004,,,,,,,,,,,,,,,,,,,,1807146,,,,,
Botswana,2005,,,,,,,,,,,,,,,,,,,,1839877,,,,,
Botswana,2006,,,,,,,,,,,,,,,,,,,,1874516,,,,,
Botswana,2007,,,,,,,,,,,,,,,,,,,,1911201,,,,,
Botswana,2008,,,,,,,,,,,,,,,,,,,,1949970,,,,,
Botswana,2009,,,,,,,,,,,,,,,,,,,,1990673,,,,,
Botswana,2010,,,,,,,,,,,,,,,,,,,,2033111,,,,,
Botswana,2011,,,,,,,,,,,,,,,,,,,,2073535,,,,,
Botswana,2012,,,,,,,,,,,,,,,,,,,,2108617,,,,,
Botswana,2013,,,,,,,,,,,,,,,,,,,,2140682,152500.4,,,,
Botswana,2014,,,,,,,,,,,,,,,,,7.5,,,2172044,161188.6,,,,
Botswana,2015,,,,,,,,,,,,70162.76,,,,,7.25,,,2203273,39080.1,,,,
Botswana,2016,,,,,,,,,,,,74072.23,,,,,6,,,2234776,40475.1,,,,
Botswana,2017,,,,,,,,,,,,75946.28,,,,,5.5,,,2266747,41756.7,,,,
Botswana,2018,,,,,,,,,,,,77927.75,,,,,5,,,2299141,43344.6,,,,
Botswana,2019,,,,,,,,,,,,79087.81,,,,,5,,,2332083,45322.9,,,,
Botswana,2020,,,,,,,,,,,,70627.99,,,,,4.75,,,2365894,45831.4,,,,
Botswana,2021,,,,,,,,,,,,77876.73,,,,,3.75,,,2401441,46484,,,,
Botswana,2022,,,,,,,,,,,,80960,,,,,3.75,962319,,2439892,49490.6,,,25.4,
Botswana,2023,,,,,,,,,,,,82375.03,,,,,1.9,1063776,,2480244,52312.6,,,25.9,
Botswana,2024,,,,,,,,,,,,78804.33,,,,,1.9,1041204,,,49583.5,,,27.6,
Botswana,2025,,,,,,,,,,,,,,,,,1.9,,,,,,,,
Egypt,1982,,,,,,,,,,,,,,,,,,,22.5,,1319.4,,,,
Egypt,1983,,,,,,,,,,4.89,,,,,,,,,26.6,,1383.91,,,,
Egypt,1984,,,,,,,,,,9.75,,,,,,,,,31.6,,1518.78,,,,
Egypt,1985,,,,,,,,,,5.79,,,,,,,,,37.3,,1606.74,,,,
Egypt,1986,,,,,,,,,,4.74,,,,,,,,,44.1,,1682.97,,,,
Egypt,1987,,,,,,,,,,3.48,,,,,,,,,51.5,,1741.61,,,,
Egypt,1988,,,,,,,,,,5.39,,,,,,,,,61.6,,1835.43,,,,
Egypt,1989,,,,,,,,,,5.11,,,,,,,,,77,,1929.26,,,,
Egypt,1990,,,,,,,,,,5.78,,,,,,,,,95.8,,2040.68,,,,
Egypt,1991,,,,,,,,,,1.15,,,,,,,,,112.5,,2064.13,,,,
Egypt,1992,,,,,,,,,,4.26,,,,,,,,,139.1,,2152.09,,,,
Egypt,1993,,,,,,,,,,3,,,,,,,,,155.2,,2216.6,,,,
Egypt,1994,,,,,,,,,,3.97,,,,,,,,,175,,2304.56,,,,
Egypt,1995,,,,,,,,,,4.58,,,,,,,,,204,,2410.11,,,,
Egypt,1996,,,,,,,,,,5.11,,,,,,,,,229.4,,2533.25,,,,
Egypt,1997,,,,,,,,,,5.32,,,,,,,,,265.9,,2668.12,,,,
Egypt,1998,,,,,,,,,,4.18,,,,,,,,,287.4,,2779.54,,,,
Egypt,1999,,,,,,,,,,5.91,,,,,,,,,307.6,,2943.73,,,,
Egypt,2000,,,,,,,,,,5.58,,,,,,2.9,,,340.1,,3107.92,,,,
Egypt,2001,,,,,,,,,,3.4,,,,,,2.6,,,358.7,,3213.48,,,,
Egypt,2002,,,,,,,,,,2.37,,,,,,2.4,,,378.9,,3289.71,,,,
Egypt,2003,,,,,,,,,,3.19,,,,,,2.9,,,417.5,,3394.73,,,,
Egypt,2004,,,,,,,,,,4.09,,,18964.5,,,12.7,,,485.3,,3533.57,,,,
Egypt,2005,,,,,,,,,,4.47,,,18231,,,9.4,,,538.5,,3691.99,,,,
Egypt,2006,,,138.3,,,,18455.1,,,6.84,,,18864.5,,30441,3.4,,,617.7,,3945.32,,,,
Egypt,2007,-56213,,155.5,17718,,244018,22017.5,,,7.09,,,19492,,38308.1,12.4,,,744.8,,4225.22,205654,114326,,
Egypt,2008,-67563,,110.5,19849,,305795,29355.8,,,7.16,,,21641.1,,52771.2,10.5,,,895.5,,4527.8,248835,137195,,
Egypt,2009,-72379,,126.4,22267,,356944,25168.9,,,4.67,,,25817.7,,50342.2,14.4,,,1042.2,,4739.07,288545,163222,,
Egypt,2010,-98886,,100,23453,,396768,23873.1,,,5.15,,,26249.3,,48993.1,13.9,,,1206.6,,4983.15,303361,170494,9,
Egypt,2011,-134138,,110.8,26484,,440410,26992.5,,,1.76,,,27092.2,,54095.5,10.8,10.7,,1371.1,,5070.09,302010,192072,12,
Egypt,2012,-165689,,120.3,26018,,516422,25071.9,,,2.23,,,25594.4,,59210.9,8.6,11.9,,1674.7,,5183.44,348865,207410,12.7,
Egypt,2013,-246853,,127.9,28739,,644080,26988.1,,,2.19,,,28489.6,,57682.8,6.3,12.1,,1860.4,,5296.37,403637,251118,13.2,
Egypt,2014,-254715,,142.4,31844,,759847,26022.6,,,2.92,,,29054,,60181.9,11.4,11.8,,2130,,5451.64,519449,260289,13,
Egypt,2015,-284314,,156.2,41477,,805929,22245.1,,,4.37,,,25707.2,,61305.5,9.7,11.7,,2443.9,,5689.25,538378,305957,12.8,
Egypt,2016,-244653,,171.9,30854,,586805,18704.6,,,4.35,,,24436.7,,57387.7,10.1,11.9,,2709.4,,5936.11,331741,352315,12.5,
Egypt,2017,-366401,,220.3,48934,,1116985,21728.2,,,4.18,,,34874.7,,59003,28.1,16.5,,3655.9,,6184.85,755110,462007,11.8,
Egypt,2018,-425385,,257.9,55002,,1335980,25827,,,5.31,,,47648.8,,63103,17.1,19.9,,4666.2,,6514.41,915974,628083,9.9,
Egypt,2019,-423019,,290.7,61582,,1505187,28495,,,5.56,,,57272,,66529.4,12.7,18.1,,5596,,6875.82,1080152,736121,7.9,
Egypt,2020,-408509,,105.6,66868,,1580934,26376,,,3.57,,,69352.1,,62841.1,7.2,13.6,,6152.6,,7121.63,1121422,739633,7.9,
Egypt,2021,-459449,,110.2,79426,,1729464,28676.5,,,3.3,,,82445.6,,70736.1,4.3,9.5,,6663.1,,7353.18,1266027,833993,7.4,
Egypt,2022,-477486,,118.1,89708,,1937165,43906.4,,,6.6,,,82275.4,,87302.4,7.3,9.5,,7842.5,,7842.5,1483977,990138,7.2,
Egypt,2023,-580182,,148.7,100966,,2309495,39624,,,3.8,,,83428.3,,70783.6,25.8,14.4,,10155.4,,8137.3,1723717,1258582,7,
Egypt,2024,,,,,,,7670,,,2.4,,,80178.2,,72134.7,29.8,19.3,,,,8332.63,,,6.6,
Egypt,2025,,,,,,,,,,,,,,,,23.95,21,,,,,,,,
Ethiopia,2008,,,,,,,,,,,,,,,,7.8,,,,,,,,,
Ethiopia,2010,,,,,,,,,,,,,,,,7.9,,,,,,,,,
Ethiopia,2011,,,,,,,,,,11.4,396,,,,,8.8,,,478900,80700000,475600,,,,
Ethiopia,2012,,,,,,,,,,8.7,523,,,,,9.1,,,519500,82700000,517000,,,,
Ethiopia,2013,,,,,,,,,,9.9,559,,,,,8.7,,,571700,84800000,568000,,,,
Ethiopia,2014,,,,,,,3300.1,,,10.3,640,,,,13712.3,8.5,,,630300,87000000,627000,,,,
Ethiopia,2015,-30882.1,117145.7,,,,230521.2,3019.1,,,10.4,725,,,,16458.6,10.4,,,696500,89100000,692000,199639.1,165312.5,,
Ethiopia,2016,-36073.4,144184.1,,,,280892.8,6077.3,11.2,,8,814.6,,,,20552.1,9.7,12.8,,1568097.5,91200000,1568097.5,244819.4,190519.7,,
Ethiopia,2017,-59444,153023.5,,,,329658.1,6257.2,7.2,,10.1,875.8,,,,19714,7.4,12.8,,1832553.7,93400000,1717127.2,270214.1,210172.5,,
Ethiopia,2018,-66643.2,143735.1,,,,354205.3,7095.9,13.4,,7.7,883.3,,,,19707.4,14.6,13.5,,2202372.7,95500000,1834066.5,287562.1,235229.5,,
Ethiopia,2019,-68169.2,174949.1,,,,413105.7,7694.9,13.1,,9,983.1,,,,20704.8,12.6,13.5,,2696222.7,97600000,1982516.7,344936.5,268457.4,,
Ethiopia,2020,-93277.4,207576.1,,,,488243.2,7715.7,23.3,,6.1,1079.4,,,,18828.3,19.9,14.3,,3374746.9,99750000,2109180.1,394965.8,311476.5,,
Ethiopia,2021,-120118.5,235409.7,,,,599006.7,8498.9,23.2,,6.3,1091.7,,,,19177,20.2,14.3,,4341024.2,101900000,2227894.7,478888.1,388763.5,,
Ethiopia,2022,-212345.4,262055.7,,,,779099,10457.7,40.3,,6.4,1217.8,,,,23845,33.8,14.3,,6157015.2,104100000,2346748,566753.6,477770.3,,
Ethiopia,2023,-221184.9,355917,,,,938771.6,10855.8,31.7,,7.2,1548.7,,,,23430,32.5,14.3,,8723116.8,105700000,2501498.3,717586.7,593232.1,,
Ethiopia,2024,-246950.7,467457.6,,,,1120077.3,11763.6,28.1,,8.1,1937,,,,25128,26.6,14.3,,11752138,108400000,2684525,873126.5,716172.2,,
Ghana,1971,,,,,,,,,,,,,,,,,8,,,,,,,,
Ghana,1972,,,,,,,,,,,,,,,,,8,,,,,,,,
Ghana,1973,,,,,,,,,,,,,,,,,6,,,,,,,,
Ghana,1974,,,,,,,,,,,,,,,,,6,,,,,,,,
Ghana,1975,,,,,,,,,,,,,,,,,6,,,,,,,,
Ghana,1976,,,,,,,,,,,,,,,,,8,,,,,,,,
Ghana,1977,,,,,,,,,,,,,,,,,8,,,,,,,,
Ghana,1978,,,,,,,,,,,,,,,,,8,,,,,,,,
Ghana,1979,,,,,,,,,,,,,,,,,13.5,,,,,,,,
Ghana,1980,,,,,,,,,,,,,,,,,13.5,,,,,,,,
Ghana,1981,,,,,,,,,,,,,,,,,13.5,,,,,,,,
Ghana,1982,,,,,,,,,,,,,,,,,19.5,,,,,,,,
Ghana,1983,,,,,,,,,,,,,,,,,10.5,,,,,,,,
Ghana,1984,,,,,,,,,,,,,,,,,14.5,,,,,,,,
Ghana,1985,,,,,,,,,,,,,,,,,18,,,,,,,,
Ghana,1986,,,,,,,,,,,,,,,,,18.5,,,,,,,,
Ghana,1987,,,,,,,,,,,,,,,,,23.5,,,,,,,,
Ghana,1988,,,,,,,,,,,,,,,,,26,,,,,,,,
Ghana,1989,,,,,,,,,,,,,,,,,26,,,,,,,,
Ghana,1990,,,,,,,,,,,,,,,,,26,,,,,,,,
Ghana,1991,,,,,,,,,,,,,,,,,35,,,,,,,,
Ghana,1992,,,,,,,,,,,,,,,,,20,,,,,,,,
Ghana,1993,,,,,,,,,,,,,,,,,30,,,,,,,,
Ghana,1994,,,,,,,,,,,,,,,,,30,,,,,,,,
Ghana,1995,,,,,,,,,,,,,,,,,39,,,,,,,,
Ghana,1996,,,,,,,,,,,,,,,,,45,,,,,,,,
Ghana,1997,,,,,,,,,,,,,,,,,45,,,,,,,,
Ghana,1998,,,,,,,,,,,,,,,,,45,,,,,,,,
Ghana,1999,,,,,,,,,,,,,,,,,32,,,,,,,,
Ghana,2000,,,,,,,,,,,,,,,,,27,,,,,,,,
Ghana,2001,,,,,,,,,,,,,,,,,27,,,,,,,,
Ghana,2002,,,,,,,,,,,,,,,,,27,,,,,,,,
Ghana,2003,,,,,,,,,,,,,,,,,25.5,,,,,,,,
Ghana,2004,,,,,,,,,,,,,,,,,21.5,,,,,,,,
Ghana,2005,,,,,,,,,,,,,,,,,18.5,,,,,,,,
Ghana,2006,,,,,,,330.1,,,,,,,,490.8,,14.5,,7051.4,,16714.21,,,,
Ghana,2007,,,,,,,358.4,,,7.5,,,,,592.3,,12.5,,8244.62,,17967.28,,,,
Ghana,2008,,,,,,,406.1,,,8.03,,,,,781.9,,13.5,,11129.81,,19410.59,,,,
Ghana,2009,,,,,,,571.4,,,3.48,,,,,769.8,,17,,12716.5,,20086.83,,,,
Ghana,2010,,,,,,,637.6,,,6.48,,,,,790.2,,18,,17367.17,,21408.68,,,,
Ghana,2011,,,,,,,941.9,,,11.2,,,,,1131,,13.5,,20931.12,,24392.3,,,,
Ghana,2012,-329.9,,96.8,,,1401.1,1319.6,,,10.03,,,,,1268.1,,12.5,,23865.22,,27631.43,1071.2,279.6,,
Ghana,2013,-590,,106.5,,,1480.6,1405.8,8,,7.15,2453.16,,,,1438,10.1,15,,28038.91,26430000,29807.51,1454.7,401.6,,
Ghana,2014,-250.5,,121.2,,,2003.2,1114.6,7.1,,-1.32,1999.18,,22906.67,,1346.5,13.8,16,,32301.4,27040000,29478.1,1752.7,527.3,,
Ghana,2015,-927.8,,141.1,,,2893.4,1044.7,6.9,,11.4,1756.23,,24673.85,,1170.4,16.4,21,,42016.2,27670000,32668.27,1965.6,586.1,,
Ghana,2016,-368.6,,168,,,2558.9,877.1,8.2,,0.76,1978.46,,26461.12,,1124.9,19,26,,53070.62,28310000,32528.34,2222.5,657.3,,
Ghana,2017,-410.5,,190.4,,,3529.8,1306.1,7,,5.38,2083.11,,29765.08,,1059.7,13.3,25.5,,60905.26,28960000,35011.55,3200.6,1269,,
Ghana,2018,-1556.3,,210.1,,,4419.3,1433.93,6.8,,9.96,2272.51,,34123,,1180.48,10.3,20,,72938.57,29614337,38822.39,2991.9,880.1,,
Ghana,2019,-1072.3,,229,,,4747.1,1342.32,8,,5.41,2256.81,,36808.75,,1256.84,9,16,,82086.73,30280811,41103.53,3914.2,1439.4,,
Ghana,2020,-2594.2,,111.6,,,7195.8,1437.07,7.8,,6.33,2272.46,,41555.7,,1128.18,7.8,16,,96590.19,30816511,43742.77,4800.9,1912.1,,
Ghana,2021,-1992.5,,122.7,,,6747.6,1355.33,12.8,,5.27,2579.28,,53786.86,,1135.44,9.9,14.5,,109446.5,30832019,45450.04,4936.1,1819.5,,
Ghana,2022,-5013.4,,139.7,,,10229.2,1218.52,13.7,,4.15,2368.9,,60160.8,,1135.17,13.9,14.5,,134907.6,31350393,46936.7,5215.77,1511.7,,
Ghana,2023,-3333.4,,165.6,,,11852.37,1506.44,61,,4.34,2569.5,,52186.88,,984.06,53.6,28,,212506.8,31350393,48419.4,8518.98,3194.54,,
Ghana,2024,-9420.05,,204.55,,,15035.92,1364.99,27.1,,4.34,2513.11,,52829.32,,1375.47,23.52,29,,272002,33010000,50620,9979.52,2638.32,,
Ghana,2025,-5428.13,,252.62,,,18894.25,2408.13,28.3,,,,,49133.44,,1410.73,23.48,27,,360013.1,,53825,12987.23,4681.29,,
Ivory Coast,1960,1.5,,,,,24.3,,,,,,,,,,,,,140.7,,,25.8,24.5,,
Ivory Coast,1961,2.3,,,,,28.6,,,,,,,,,,,,,159.3,,,30.9,29.9,,
Ivory Coast,1962,-0.9,,,,,31.8,,,,,,,,,,,,,166.1,,,30.9,29.8,,
Ivory Coast,1963,1.2,,,,,33.6,,,,,,,,,,,,,195.9,,,34.8,33.9,,
Ivory Coast,1964,0.3,,,,,43.8,73186,,,,,,,,,,,,237.1,,,44.1,42.7,,
Ivory Coast,1965,-2.6,,,,,51.5,68418.2,,,,,,,,58343,,,,236.8,,3864.54,48.9,48.9,,
Ivory Coast,1966,-4.7,,,,,58.2,76658.5,,,,,,,,62792,,,,236.8,,4311.88,53.5,50.6,,
Ivory Coast,1967,-6.4,,,,,59.1,80262.6,,,,,,,,65050,,,,257.3,,4509.99,52.7,47.8,,
Ivory Coast,1968,2.2,,,,,71.5,104224.6,,,,,,,,75831,,,,274.4,,5075.85,73.7,69.3,,
Ivory Coast,1969,-8.3,,,,,80.3,,,,,,,,,,,,,325.1,,5560.11,72,69.4,,
Ivory Coast,1970,-13.4,,,,,96.8,130190.4,,,,,,,,107704,,,,364,,6137.15,83.4,83,,
Ivory Coast,1971,-20.4,,8.49,,,110.8,126558.5,,,,,,,,110838,,,,414,,6717.57,90.4,89.9,,
Ivory Coast,1972,-6.3,,8.52,,,108.5,139540.7,,,,,,,,114317,,,,439.3,,7002.03,102.2,102.2,,
Ivory Coast,1973,-6.6,,9.47,,,125.3,190856.3,,,,,,,,157522,,,,471.6,,7417.88,118.7,117.7,,
Ivory Coast,1974,-1.1,,11.12,,,156.6,291770.5,,,,,,,,232286,,,,559.1,,7738.91,155.5,139.6,,
Ivory Coast,1975,-18.2,,12.38,,,231.3,254571.7,,,,,,,,241393,,,,566.2,,8377.58,213.1,168.3,,
Ivory Coast,1976,-41.1,,13.86,,,362.7,392501,,,,,,,,311607,,,,739,,9459.53,321.6,236.7,,
Ivory Coast,1977,20.2,,17.68,,,568.4,529211.7,,,,,,,,429566,,,,834.5,,10151.71,588.6,317.8,,
Ivory Coast,1978,-148.7,,19.96,,,755.7,524382.2,,,,,,,,522502,,,,939.9,,11259.05,607,370.6,,
Ivory Coast,1979,-202,,23.29,,,843,534846.9,,,,,,,,528850,,,,1539.2,,11528.61,641,406.1,,
Ivory Coast,1980,-272,,26.7,,,890,663919,,,,,,,,631899,,,,1782.8,,10265.49,618,459.7,,
Ivory Coast,1981,-260,,29.05,,,891,689298,,,,,,,,653321,,,,1944.9,,10624.78,631,525.4,,
Ivory Coast,1982,-331.1,,31.19,,,1003.1,747452,,,,,,,,718593,,,,2149.9,,10646.12,672,546.3,,
Ivory Coast,1983,-262,,33.04,,,1025,796774,,,,,,,,704249,,,,2291.4,,10230.95,763,548.2,,
Ivory Coast,1984,-29,,34.45,,,925,1184347,,,,,,,,658569,,,,2486.6,,9954.62,896,587,,
Ivory Coast,1985,90,,35.08,,,1006,1318100,,,,,,,,773000,,,,3135,,10402.64,1096,621,,
Ivory Coast,1986,-95.5,,37.49,,,1035,1160400,,,,,,,,709000,,,,3172,,10741.61,939.5,660.2,,
Ivory Coast,1987,-257,,40.07,,,1051.2,929100,,,,,,,,673900,,,,3031.8,,10710.12,794.2,670.4,,
Ivory Coast,1988,-447.1,,42.85,,,1236.3,826500,,,,,,,,619900,,,,3054.5,,10822.21,789.2,624,,
Ivory Coast,1989,-517.9,,43.29,,,1197.5,895700,,,,,,,,673400,,,,3109.5,,11146.63,679.6,563.2,,
Ivory Coast,1990,-352.2,,42.95,,,983,793012.4,,,-1.6,,,,,571103.3,,,,3725.61,11910540,11023.7,630.8,516.1,,
Ivory Coast,1991,-384.3,,43.69,,,973.8,763073.9,,,0,,,,,593373.7,,,,4089.15,12369269,11023.7,589.5,499.9,,
Ivory Coast,1992,-344.8,,45.43,,,942.3,801362.7,,,-0.1,,,,,615149.1,,,,4076.32,12838314,11013.98,597.5,499.8,,
Ivory Coast,1993,-350.9,,46.65,,,883.9,713229,,,-0.4,,,,,570473.3,,,,4073.26,13316448,10968.86,533,435.3,,
Ivory Coast,1994,-289.4,,58.77,,,1166,1522420,,,2.1,,,,,1056147,,,,5883.59,13802285,11199.08,876.6,678.5,,
Ivory Coast,1995,-184.3,,67.18,,,1322.6,1819297,,,7.1,,,,,1469768,,,,7558.21,14299727,11994.34,1138.3,897.4,,
Ivory Coast,1996,-112.6,,68.43,,,1385.1,2188326,,,6.9,,,,,1443422,,,,8584.26,14810946,12821.84,1272.5,1040.7,,
Ivory Coast,1997,-122.4,,63.6,,,1494.5,2495623,,,5.7,,,,,1608649,,,,9457.93,15335453,13555.62,1372.1,1112.8,,
Ivory Coast,1998,-118.3,,66.5,,,1557.4,2592600,,,4.9,,,,,1764600,5.12,,,10285.48,15858990,14224.03,1439.1,1142.1,,
Ivory Coast,1999,-185.1,,66.5,,,1521.6,2758513,,,1.6,,,,,1777816,1.87,,,10533.97,16345894,14454.08,1336.5,1149.1,,
Ivory Coast,2000,-89.6,,68.7,,,1360.2,2534366,,,-2.1,,,,,1771560,0.55,,,10547.73,16799670,14155.12,1270.6,1077.5,,
Ivory Coast,2001,69.7,,71.7,,,1306.9,2669423,,,0.1,,,,,1867237,5.03,,,11341.65,17245468,14172.3,1376.6,1168.4,,
Ivory Coast,2002,-122.1,,73.9,,,1591.6,3456184,,,-1.7,,,,,1816340,4.43,,,11896.02,17683897,13935.97,1469.5,1259.3,,
Ivory Coast,2003,-209.8,,76.3,,,1611,3189550,,,-1.4,,,,,2048404,3.23,,,12297.64,18116451,13746.52,1401.2,1189.9,,
Ivory Coast,2004,-150.9,,77.4,,,1665,3655377,,,1.2,,,,,2486800,0.29,,,12089.31,18544903,13915.81,1514.1,1241.4,,
Ivory Coast,2005,-147.7,,80.4,,,1713.7,3809246.3,,,1.7,,,,,3353872.6,4.86,,,12456.78,18970215,14155.33,1566,1251.2,,
Ivory Coast,2006,-126.5,,82.4,,,1742,4206857.1,,,1.5,,,,,3325441.2,1.98,,,12866.77,19394057,14369.92,1615.5,1364,,
Ivory Coast,2007,-78.2,,84,,,1949.4,3865586.9,,,1.8,,,,,3705459.2,2.53,,,13477.74,19817700,14623.52,1871.2,1468.1,,
Ivory Coast,2008,-41.1,,89.3,,,2201.2,4409963.6,,,2.5,,,,,3793000.5,6.71,,,14994.95,20244449,14995.38,2160.1,1626.4,,
Ivory Coast,2009,98.2,,89.8,,,2375.7,5077175.4,,,3.3,,,,,3593018.6,1.58,,,15845.23,20677762,15482.95,2473.9,1888.7,,
Ivory Coast,2010,-216.1,,89.9,,,2498.8,5539717.6,,,2,,,,,4412291.5,-0.26,,,17035.94,21120042,15795.04,2282.7,1928.5,,
Ivory Coast,2011,-485.5,,95.8,,,2211.4,5797514.6,,,-4.2,,,,,3595631.8,4.55,7.52,,16743.15,21562914,15132.22,1725.9,1493.1,,
Ivory Coast,2012,-432.5,,97,,,3054,6041005.8,,,10.1,,,,,5506532.2,2.3,7.86,,18907.19,22010712,16660.36,2621.5,2213,,
Ivory Coast,2013,-346.1,,99.6,,,3385.6,7157155.8,,,9.3,,,,,6537302.2,3.41,8.43,,21351.39,22469268,18204.54,3039.5,2408.6,,
Ivory Coast,2014,-376.3,,100,,,3669.6,6752676.3,,,8.8,,,,,7549,0.09,5.73,,24137.13,22995555,19804.55,3293.3,2573.3,,
Ivory Coast,2015,-553.2,,101.2,,,4470,7741831.8,,,8.8,,,,,7156.7,1.52,6.4,,27086.37,23596741,21555.73,3916.8,2954.9,,
Ivory Coast,2016,-838.5,,102,,,5015.1,6446574.5,,,7.2,,,,,4958645.6,0.29,5.93,,28686.71,24213622,23101.87,4176.6,3352.6,,
Ivory Coast,2017,-998.4,,102.38,,,5521.8,6882163.2,,,7.4,,,,,5185887.6,0.49,6.26,,30491.65,24848016,24813.9,4523.4,3458.1,,
Ivory Coast,2018,-944.3,,103.01,,,5708.4,6563596.6,,,4.8,,,,,5913143.4,0.57,6.09,,32506.1,25493988,26015.67,4764.1,3651.1,,
Ivory Coast,2019,-785.4,,103.85,,,5943.8,7325218.6,,,6.7,,,,,5996689.2,0.77,6.29,,35379,26147551,27764.28,5158.4,3972.3,,
Ivory Coast,2020,-1965.8,,106.35,,,7255.1,7155856.5,,,0.7,,,,,6040347.1,2,6.59,,36277.95,26811790,27958.56,5289.3,4149.2,,
Ivory Coast,2021,-1961.9,,110.8,,,8102.1,8363019,,,7.1,,,,,7627993.1,2.3,5.65,,40366.86,27478249,29933.36,6140.2,5096,,
Ivory Coast,2022,-2981.8,,116.5,,,9666.2,9988614.4,,,6.2,,,,,10708714.4,5.6,5.64,,43771.18,28160542,31794.57,6684.4,5616.7,,
Ivory Coast,2023,-2508.1,,121.65,,,10279.8,,,,6.5,,,,,,4.8,6.28,,47790.92,28873034,33872.65,7771.7,6508,,
Ivory Coast,2024,-2120.6,,125.86,,,10896.5,,,,6.1,,,,,,3.08,6.31,,52400,,35924.43,8775.9,7533.8,,
Ivory Coast,2025,,,99.2,,,,,,,,,,,,,1.7,6.37,,,,,,,,
Kenya,1999,,,,,,,9006.8,,,,,,,,13452.9,,,,,,,,,,
Kenya,2000,,,,,,,9124.3,,,0,,,,,17197.2,,,,967838,,982855,,,,
Kenya,2001,,13659,,,,123391,13537,,,3.8,,,,,20740.7,,,,1020022,,1020111,107283,90241,,27924
Kenya,2002,,10555,,,,122427,14456.6,,,0.5,,,,,33559.6,,,,1035374,,1025583,107060,90212,,29723
Kenya,2003,,17438,,,,143691,16737.4,,,2.9,,,,,24319.8,,,,1131783,,1055658,114306,96782,,32540
Kenya,2004,,16894,,,,146010,16390.6,,,5.1,,,,,25538.4,,,,1274328,,1109338,130095,108080,,33458
Kenya,2005,,21388,,,,158123,19840.1,,,5.7,,,,,38506,12.3,,,1415823,,1172784,165646,138298,,43434
Kenya,2006,,30397,,,,209791,17178.2,,,6.5,,,,,39630.5,9.4,,,1622565,,1249470,169821,145000,,41172
Kenya,2007,,36409,,,,219726,20877.7,,,6.9,,,,,48294.2,6.1,,,1833511,,1336849,195320,165473,,53015
Kenya,2008,,61951,,,,283616,23753.5,,,1.5,,,,,64341,4.7,,,2107589,,1357262,241522,207445,,66249
Kenya,2009,,62947,,,,301536,27359.8,,,2.7,,,,,66177.2,16.6,8.5,,3275642,,5361462,271194,233418,,74678
Kenya,2010,,91807,,,,374246,30602.6,,,8.1,,,,,71198.9,8.6,7,,3597630,,5793514,304531,259767,,81309
Kenya,2011,,113899.5,,,,434101.5,35457.8,,,5.1,,,,,90527.9,3.9,5.8,,4162514,,6090206,350725,302869,,98612
Kenya,2012,,137335.6,,,,509200.2,42365.1,,,4.6,,,,,101658.5,15.1,18,,4767191,,6368448,362116,332835.3,,100781.7
Kenya,2013,,151162.2,,,,589548.7,47116.3,,,3.8,,,,,130764.5,8.2,9.5,,5311322,,6610312,419576.4,380793.3,,105042.1
Kenya,2014,,124805.6,,,,669839.6,43062.5,,,5,,,,,130116.5,6,8.5,,6003835,,6942157,538800.9,484350.3,,132020.4
Kenya,2015,,196861.2,,,,764835.7,41163,,,5,,,,,127648.5,6.7,8.5,,6884317,,7287024,611056.3,558210.8,,147620
Kenya,2016,,224147.7,,,,888866.6,48023.5,,,4.2,,,,,106483.2,6.8,11.5,,7594064,,7594064,670940.5,609240.3,,163068.7
Kenya,2017,,333425.7,,,,1082905.3,48834,,,3.8,,,,,150734.1,6.3,10,,8483396,,7885521,772694.6,686239.7,,190043.7
Kenya,2018,,209851.2,,,,1077038.7,53448.1,,,5.6,,,,,157516.9,7.8,10,,9340307,,8330891,840619,755215.4,,203206.6
Kenya,2019,,328606.7,,,,1291663,53290.3,,,5.1,183969.5,,,,155919.7,4.7,9,17727199,10237727.3,26593769,8756945.6,924807,805372.4,6.2,232443.6
Kenya,2020,,335160.3,,,,1436864.1,53126.2,,,-0.3,178891.9,,,,155430.9,5.3,8.3,18548627,10715070,27308334,8733060.3,1061498.4,874538.9,5.2,245673.5
Kenya,2021,,246798.4,,,,1347104.2,54313.6,,,7.6,188976.3,,,,160717.2,5.7,7,19106156,12027661.5,28028495,9395942.1,937044,779269.8,6.6,215787.1
Kenya,2022,,256755.1,,,,1544540,59550.8,,,4.9,194626.9,,,,194180.1,6.1,7,18908915,13489641.5,28464189,9852582.9,1193501.2,1010496.3,5.5,296291.9
Kenya,2023,,234827.2,,,,1611231.5,72919.3,,,5.6,201841,,,,194552.1,8,8.8,,15108805.9,,10399980.2,1310802.1,1103875.9,,311658.6
Kenya,2024,,235068.2,,,,1815184.4,91675.6,,,5,,,,,244404.6,7.5,12.5,,4044263,,2720702,1500906.6,1215865.8,,374950.3
Kenya,2025,,290101.4,,,,2068187.5,,,,,,,,,,4.2,11.3,,,,,1564875.4,1251417.7,,365346.6
Nigeria,1981,,6.57,,,,,11023.3,,,,,,,,12839.6,,,,139.31,,19748.53,,,,
Nigeria,1982,,6.42,,,,,8206.4,,,-6.8,,,,,10770.5,,,,149.05,,18404.96,,,,
Nigeria,1983,,4.89,,,,,7502.5,,,-10.93,,,,,8903.7,,,,158.75,,16394.39,,,,
Nigeria,1984,,4.1,,,,,9088,,,-1.11,,,,,7178.3,,,,165.85,,16211.49,,,,
Nigeria,1985,,5.46,,,,,11720.8,,,5.91,,,,,7062.6,,,,187.83,,17170.08,,,,
Nigeria,1986,,8.53,,,,,8920.6,,,0.06,,,,,5983.6,,,,198.12,,17180.55,,,,
Nigeria,1987,,6.37,,,,,30360.6,,,3.2,,,,,17861.7,,,,244.68,,17730.34,,,,
Nigeria,1988,,8.34,,,,,31192.8,,,7.33,,,,,21445.7,,,,315.62,,19030.69,,,,
Nigeria,1989,,15.03,,,,,57971.2,,,1.92,,,,,30860.2,,,,414.86,,19395.96,,,,
Nigeria,1990,,24.05,,,,,109886.1,,,11.78,,,,,45717.9,,,,494.64,,21680.2,,,,
Nigeria,1991,,28.34,,,,,121535.4,,,0.36,,,,,89488.2,,,,590.06,,21757.9,,,,
Nigeria,1992,,39.76,,,,,205611.7,,,4.63,,,,,143151.2,,,,906.03,,22765.55,,,,
Nigeria,1993,,54.5,,,,,218770.1,,,-2.04,,,,,165629.4,,,,1257.17,,22302.24,,,,
Nigeria,1994,,70.92,,,,,206059.2,,,-1.82,,,,,162788.8,,,,1768.79,,21897.47,,,,
Nigeria,1995,,121.14,,,,,950661.4,,,-0.08,,,,,755127.7,,,,3100.24,,21881.56,,,,
Nigeria,1996,,212.93,,,,,1309543.4,,,4.19,,,,,562626.6,,,,4086.07,,22799.69,,,,
Nigeria,1997,,269.65,,,,,1241662.7,,,2.93,,,,,845716.6,,,,4418.71,,23469.34,,,,
Nigeria,1998,,309.02,,,,,751856.7,,,2.58,,,,,837418.7,,,,4805.16,,24075.15,,,,
Nigeria,1999,,498.03,,,,,1188969.8,,,0.58,,,,,862515.7,,,,5482.35,,24215.78,,,,
Nigeria,2000,,239.45,,43.4,,,1945723.3,,,5.01,,,,15.22,985022.39,,,,7062.75,,25430.42,,,,
Nigeria,2001,,438.7,,47.07,,,1867953.85,,,5.92,,,,24.52,1358180.33,,,,8234.49,,26935.32,,,,
Nigeria,2002,,321.38,,69.13,,,1744177.68,,,15.33,,,,40.62,1512695.33,,,,11501.45,,31064.27,,,,
Nigeria,2003,,241.69,,51.06,,,3087886.39,,,7.35,,,,33.27,2080235.27,,,,13556.97,,33346.62,,,,
Nigeria,2004,,351.3,,76.3,,,4602781.54,,,9.25,,,,34.2,1987045.27,,,,18124.06,,36431.37,,,,
Nigeria,2005,,519.5,,71.7,,,7246534.8,,,6.44,,,,55.7,2800856.33,,,,23121.88,,38777.01,,,,
Nigeria,2006,,552.4,,84.2,,,7324680.63,,,6.06,,,,62.25,3108519.32,,,,30375.18,140431790,41126.68,,,,
Nigeria,2007,,759.32,,72.1,,,8309758.32,,,6.59,,,,81.91,3911952.63,,10,,34675.94,145325769,43837.39,,,,
Nigeria,2008,,960.89,,95.85,,,10387693.62,,,6.76,,,,98.22,5593180.45,,9.5,,39954.21,149933510,46802.76,,,,
Nigeria,2009,,1152.8,90.2,54.84,,,8606319.72,18.4,,8.04,,,,90.2,5480656.12,14,9.8,,43461.46,154642926,50564.26,,,,
Nigeria,2010,-607540.41,883.87,103.1,198.71,,3996445.81,12011475.87,15.9,,9.13,,,,99.1,8163974.57,14.4,6,,55469.35,159500688,55469.35,3388905.4,,,
Nigeria,2011,-816986.7,918.55,115.6,283.2,,4193968.2,15236665.99,10.3,,5.31,,,,231.8,10995863.63,12.1,6.5,,63713.36,164272861,58180.35,3376981.5,,,
Nigeria,2012,-949230,874.7,130.2,296.8,,4105237.6,15139326.13,13.1,,4.21,,,,197.9,9766556.74,12.6,12,,72599.63,169087829,60670.05,3156007.6,,,
Nigeria,2013,-1153490.2,1108.39,141.9,272.3,,4515685.2,15262013.61,10.1,,5.49,,,,180,9439424.71,9,12,,81009.96,173876409,63942.85,3362195,,,119510.26
Nigeria,2014,-835644,783.12,153.3,274.53,,4123415,12962026.84,9.3,,6.22,,,,195.98,10538914.51,8,12,71641170.88,90136.98,178605318,67977.46,3287771,,7.83,127048.64
Nigeria,2015,-1557800,818.37,165.8,330.59,,4767365,8845158.81,9.2,,2.79,,,,257.7,11076068.34,8.2,13,73436104.38,95177.74,183376728,69780.69,3209565,,7.54,759432.7
Nigeria,2016,-2140043.35,653.61,181.7,380.17,,5320416,8835611.91,10.6,,-1.58,,,,200.82,9480366.87,9.6,11,78486570,102575.42,193392517,68652.43,3180372.65,,12.09,777504.7
Nigeria,2017,-5101243.34,1242.3,215.7,361.92,,8720168,13988143.19,17.8,,0.83,,,19159809.16,245.19,10804845.85,18.7,14,82592121.22,114899.25,199681159,69205.69,3618924.66,,14.44,972348.41
Nigeria,2018,-3584739,1682.1,248.4,442.15,,7538027,18707327.43,18.9,,1.93,,,22707203.79,296.44,13445112.75,15.1,14,88206724.24,129086.91,196042933,70536.35,3953288,,21.83,1108040.57
Nigeria,2019,-4915356,2289,276.6,588.78,,9454440,19910533.8,13.5,,2.27,,,24947081.08,388.23,20449968.39,11.4,14,,145639.14,201135262,72094.09,4539084,,,1184580.58
Nigeria,2020,-6171796,1614.89,310.2,642.06,,9953600,12613592.7,14.8,,-1.92,,,28628493.63,423.36,20519192.15,12.1,13.5,,154252.32,206283338,70800.54,3781804,,,1531170.81
Nigeria,2021,-6910166,2522.47,361.2,612.53,,11698615,19204170.87,20.6,,3.4,,,33107247.23,386.24,22954835.52,16.5,11.5,,176075.5,211493324,73382.77,4788449,,,496390.01
Nigeria,2022,-9330372,3133.82,417.6,693.85,,14634244,27251572.39,17.1,,3.1,,,41604057.45,437.52,27115108.58,15.6,11.5,,202365.02,216783381,75768.95,5303872,,,697378.91
Nigeria,2023,-13501819,4486.21,508.7,743.2,,19500079,36247788.33,24.3,,2.74,,,49853685.26,468.64,32642666.15,21.8,17.5,,234425.91,,77936.1,5998260,,,3639316.85
Nigeria,2024,-961579,0,660.8,,,1411236,19167359.19,35.4,,3.4,,,121670881.49,,13970054.03,29.9,18.8,,277493.78,,80606.53,449657,,,1430919.37
Nigeria,2025,,,110.7,,,,6791847.35,26.1,,,,,,,5493728.48,24.5,27.5,,,,,,,,
Rwanda,1990,,12.65,,,,43.87,,,,,,,,,,,,,,,,21,18.2,,
Rwanda,1991,,16.79,,,,54.41,,,,,,,,,,,,,,,,24.5,21.3,,
Rwanda,1992,,20.06,,,,66.48,,,,,,,,,,,,,,,,27,23.6,,
Rwanda,1993,,21.64,,,,68.25,,,,,,,,,,,,,,,,25.4,23.4,,
Rwanda,1994,,4.41,,,,26.59,,,,,,,,,,,,,,,,5.9,5.9,,
Rwanda,1995,,27.3,,,,69.39,,,,,,,,,,,,,,,,23,21.6,,
Rwanda,1996,,39.54,,,,95.29,,,,,,,,,,,,,,,,39.1,35.9,,
Rwanda,1997,,46.19,,,,109.61,,,,,,,,,,,,,,,,57.7,54.6,,
Rwanda,1998,,42.25,,,,117.43,,,,,,,,,,,,,,,,65.5,62.1,,
Rwanda,1999,,74.01,,,,161.6,,,,,,,,,,,,,720,7500000,2066,65.2,61.5,,
Rwanda,2000,,58.81,,,,147.47,,,,8.4,,,,,,,,,806,7700000,2239,67.9,64.7,,
Rwanda,2001,,57.31,,,,166.69,,,,8.5,,,,,,,,,871,7900000,2429,85.6,78.9,,
Rwanda,2002,,57.95,,,,191.81,,,,13.2,,,,,,,,,935,8100000,2750,100.4,93.8,,
Rwanda,2003,,50.99,,,,214.97,,,,2.2,,,,,,,,,1150,8300000,2810,121.7,114,,
Rwanda,2004,,81.45,,,,266.84,,,,7.4,,,,,,,,,1372,8600000,3020,146.3,133.9,,
Rwanda,2005,,110.55,,,,332.86,,,,9.4,,,,,,11.6,,,1637,8800000,3303,179.6,161.8,,
Rwanda,2006,,126.14,,,,386.57,,,,9.2,,,,,,5.2,9,,1832,9000000,3607,207.4,192.8,,
Rwanda,2007,,186.18,,,,490.74,,,,7.6,,,,,,12.6,9,,2226,9200000,3883,256.9,241.8,,
Rwanda,2008,,267.76,,,,649.74,,,,11.2,,,,,,6.5,9,,2833,9500000,4316,379.9,327.6,,
Rwanda,2009,,295.23,,,,754.29,,,,6.2,,,,,,20.4,9,,3225,9700000,4586,380.6,364,,
Rwanda,2010,,350.1,84.9,,,879.37,,,,7.3,,,694.38,,,4.5,7.5,,3572,10000000,4922,430.9,412.8,,
Rwanda,2011,,447.94,80.3,,,998.13,,,,8,,,854.65,,,1.1,6,,4133,10200000,5314,541.6,505,,
Rwanda,2012,,513.9,86.9,,,1174.55,,,,8.6,,,980.71,,,7.8,7,,4702,10500000,5773,697.9,645.8,,
Rwanda,2013,,649.45,95.3,,,1455.38,,,,4.7,,,1393.37,,,5.7,7.5,,5057,10700000,6046,799.2,707,,
Rwanda,2014,,718.17,98.8,,,1653.87,92.2,,,6.2,,,1677.36,,520.84,2.4,7,,5623,11000000,6418,903,810.3,,
Rwanda,2015,,776.1,99.1,,,1749.6,100.6,,,8.9,,,2118.04,,432.61,1.5,6.5,,6150,11300000,6987,1082.8,928.1,,
Rwanda,2016,,701.3,105.7,,,1813.7,92.1,,,6,,,3056.92,,666.43,4.5,6.5,,6845,11500000,7404,1225.8,1044.6,,
Rwanda,2017,,814.9,118.3,,,2093.29,92,,,3.9,,,3749.2,,635.79,7.4,6.3,,7694,11800000,7694,1377.2,1180,,
Rwanda,2018,,939.92,118.5,,,2373.69,170.8,,,8.5,,,4344.94,,674.78,1.3,5.5,,8299,12100000,8350,1576.7,1324.7,,
Rwanda,2019,,1200.45,118.7,,,2894.2,142.2,,,9.4,,,5288.44,,702.46,1,5.5,3727994.59,9308,12400000,9138,1771.6,1524.6,14.54,
Rwanda,2020,,1379.54,132.3,,,3294.63,206.8,,,-3.4,208,,6953.07,,899,7.3,5,4105648.4,9597,12700000,2249,1819.5,1547.9,13.07,
Rwanda,2021,,992.8,136.9,,,,161.8,,,10.9,208,,8021.04,,769.77,,4.5,3860572.35,10943,13000000,2327,2688,1712.4,16.98,
Rwanda,2022,,1059.7,138.7,,,,296.6,,,8.2,229,,9259.67,,1128.32,4.3,4.5,4293304.69,13720,13300000,2510,,,16.48,
Rwanda,2023,,1129.5,181.9,,,,423.9,,,8.2,269,,12021.97,,1466.6,20.7,6.5,4596057.27,16355,13600000,2740,,,17.23,
Rwanda,2024,,1744.9,187.6,,,,438.8,,,9.7,257,,,,1768.85,5,7.5,5013201.61,4486,,3007,,,12.92,
Rwanda,2025,,2109.8,198.2,,,,,,,7.8,,,,,,,6.5,5323552,5255,,,,,11.1,
Senegal,2000,,,61.3,,,,,,,,,,,,,,,,,,,,,,
Senegal,2001,,,62.4,,,,,,,,,,,,,,,,,,,,,,
Senegal,2002,,,64.1,,,,,,,,,,,,,,,,,,,,,,
Senegal,2003,,,65.2,,,,,,,,,,,,,,,,,,,,,,
Senegal,2004,,,64.7,,,,,,,,,,,,,,,,,,,,,,
Senegal,2005,,,65.3,,,,,,,,,,,,,,,,,,,,,,
Senegal,2006,,,66.5,,,,,,,,,,,,,,,,,,,,,,
Senegal,2007,,,69.4,,,,,,,,,,,,,,,,,,,,,,
Senegal,2008,,,73.6,,,,,,,,,,,,,,,,,,1991.8,,,,
Senegal,2009,,,75.3,,,,,,,,,,,,,,,,,,1971.9,,,,
Senegal,2010,,678.9,74.2,,,,,,,,,,,,,,,,,,2081.3,,,,
Senegal,2011,,712.3,77.2,,,,,,,,,,,,,,,,,,2058.1,,,,
Senegal,2012,,748.6,78.4,,,,,,,,,,,,,,,,,,2200.1,,,,
Senegal,2013,,786.4,78.9,,,,,,,,,,,,,,,,,,2259.5,,,,
Senegal,2014,-354.7,825.7,79.5,135.2,,2468.3,1324.5,,,6.6,,,,,2512.8,,,,8071,,2289.680929,,,,
Senegal,2015,-384.2,867.9,77.6,142.8,,2623.7,1408.7,,,6.4,,,,,2668.4,,,,8558,,2452.966264,,,,
Senegal,2016,-412.6,912.4,78.8,150.6,,2795.4,1492.3,,,6.2,,,,,2815.7,,,,9056,,2625.287483,,,,
Senegal,2017,-450.3,958,79.6,160.3,,2987.2,1615.8,,,7.1,,,,,3024.6,,,,9708,,2786.019334,,,,
Senegal,2018,-496.8,1005.7,80.9,170.9,,3194.6,1789.4,,,6.4,,,,,3347.9,,,,10310,,2962.158427,,,,
Senegal,2019,-532.4,1056,81.4,182.4,,3421.8,1993.2,,,4.6,,,,,3648.2,,,,10870,,3184.763638,,,,
Senegal,2020,-598.7,250,83.1,195.7,,3678.5,2105.6,,,1.3,,,,,3825.1,,,,11360,,3212.946582,,,,
Senegal,2021,-654.3,262.5,83.8,210.5,,3954.2,2367.9,,,6.5,,,,,4256.3,,,,12450,,3303.388658,,,,
Senegal,2022,-712.9,275,88.4,228.1,,4267.9,2698.4,,,3.8,,,,,4987.6,,,,13870,,3509.39818,,,,
Senegal,2023,-768.5,287.5,97.8,245.6,,4598.3,3056.7,,8.5,4.3,,,,,6658.9,,,,16660,,3651.712939,,,,
Senegal,2024,-820,300,99.8,265,,4920,3290,,5.5,5.7,,,,,6890,,,,18020,,3747.674477,,,,
Senegal,2025,,,101.6,,,,315.2,,-0.4,,,,,,,,,,,,,,,,
South Africa,1960,23,,,,,,,,,,,,,,,101.9,,,,17122000,,89,,,
South Africa,1961,37,,,,,,,,,,,,2510,,,1.6,,,,16283000,,101,,,
South Africa,1962,20,,,,,,,,,,,,2612,,,1.6,,,,16651000,,100,,,
South Africa,1963,23,,,,,,,,,,,,2791,,,1.9,,,,17041000,,112,,,
South Africa,1964,-4,,,,,,,,,,,,2943,,,0.9,,,,17457000,,101,,,
South Africa,1965,-15,,,,,,,,,,,,3046,,,4,,,,19607000,,102,,,
South Africa,1966,12,,,,,,,,,,,,3324,,,3.3,,,,20162000,,118,,,
South Africa,1967,23,,,,,,,,,,,,3785,,,4,,,,20725000,,153,,,
South Africa,1968,31,,,,,,,,,,,,4092,,,1.7,,,,21292000,,185,,,
South Africa,1969,19,,,,,,,,,,,,4811,,,2.8,,,,21881000,,185,,,
South Africa,1970,72,,,,,,,,,,,,5090,,,3.6,,,,20145000,,216,,,
South Africa,1971,-1,,,,,,,,,,,,5393,,,5.4,,,,20586000,,225,,,
South Africa,1972,-36,,,,,,,,,,,,6007,,,6.7,,,,21037000,,264,,,
South Africa,1973,76,,,,,,,,,,,,7155,,,8.3,,,,21497000,,337,,,
South Africa,1974,54,,,,,,,,,,,,7534,,,8.9,,,,21970000,,375,,,
South Africa,1975,-14,,,,,,,,,,,,8304,,,15.2,,,,22450000,,454,,,
South Africa,1976,-26,,,,,,,,,,,,10076,,,11.4,,,,22944000,,538,,,
South Africa,1977,14,,,,,,,,,,,,12185,,,10.7,,,,23449000,,593,,,
South Africa,1978,1,,,,,,,,,,,,14011,,,11.3,,,,23964000,,663,,,
South Africa,1979,38,,,,,,,,,,,,16385,,,11.6,,,,24493000,,857,,,
South Africa,1980,-18,,3.2,,,,,,,,,,18382,,,13.8,,,,25033000,,942,,,
South Africa,1981,5,,3.7,,,,,,,,,,20077,,,15.5,,,,25563000,,1138,,,
South Africa,1982,85,,4.3,,,,,,,,,,21776,,,13.9,,,,26106000,,1370,,,
South Africa,1983,-8,,4.8,,,,,,,,,,25761,,,14.4,,,,26660000,,1589,,,
South Africa,1984,-30,,5.4,,,,,,,,,,30117,,,10.3,,,,27227000,,1679,,,
South Africa,1985,5,,6.1,,,,,,,,,,34110,,,13.3,,,,33530000,,2370,,,
South Africa,1986,-56,,7.4,,,,,,,,,,39079,,,20.7,,,,28400000,,2814,,,
South Africa,1987,-448,,8.6,,,,,,,,,,46683,,,16.1,,,,29106000,,2801,,,
South Africa,1988,-310,,9.8,,,,,,,,,,55468,,,14.2,,,,29809000,,3367,,,
South Africa,1989,277,,11.1,,,,,,,,,,67910,,,13.3,,,,30534000,,4977,,,
South Africa,1990,2928,,12.8,,,,,,,,,,81022,,,15.1,,,,37450000,,7517,,,
South Africa,1991,1686,,14.7,,,,,,,,,,92606,,,14.3,,,,38012000,,7353,,,
South Africa,1992,238,,17,,,,,,,,,,115077,,,15.8,,,,38819000,,7596,,,
South Africa,1993,-184,,18.7,,,,,,,,,,140563,,,9.7,,,480994.46,39628000,2315155.79,7455,,,
South Africa,1994,1642,,20.5,,,,,,,3.2,,,177199,,,9.9,,,545092.63,40436000,2389240.78,9202,,20,
South Africa,1995,2525,,22.5,,,,,,,3.1,,,238043,,,9.6,,,622900.83,41150000,2463307.24,11063,,17,
South Africa,1996,3718,,24,,,,,,,4.3,,,274941,,,6.9,,,701803.91,40580000,2569229.45,14054,,19,
South Africa,1997,426,,26.2,,,,,,,2.6,,,305864,,,9.4,,,778644.47,41433000,2636029.42,14117,,21,
South Africa,1998,2203,,27.8,,,,,,,0.5,,,333564,,,5.6,,,845733.39,42130000,2649209.57,14568,,25,
South Africa,1999,1492,,30.2,,,,,,,2.4,,,359292,,,8.9,,,925690.43,43050000,2712790.6,15775,,23,
South Africa,2000,1937,,31.1,,,,,,,4.2,,,375842,,,2.6,,,1053138.03,43696000,2826727.8,15750,,27,
South Africa,2001,3000,,33.3,,,,,,,2.7,,,402298,,,7.1,,,1165940.57,44552000,2903049.45,19348,,25,
South Africa,2002,3634,,34.9,,,,,,,3.7,,,433621,,,5,10.5,,1360679.28,46330000,3010473.15,21103,,28,
South Africa,2003,-3079,,38.9,,,,,,,2.95,,,432986,,,11.6,13.5,,1490399.02,46776000,3099254.27,19333,,29,
South Africa,2004,163,,39,,,,,,,4.55,,,473724,,,0.2,8,,1652434.1,47277000,3240411.67,23010,,26,
South Africa,2005,-1259,,40.2,22994,11701,,,,,5.28,,,514821,8585,,3,7.5,,1837001.38,47810000,3411409.88,26833,354378,24,
South Africa,2006,855,71817.28,41.7,27701,12777,,,,,5.6,,,546203,9921,,4,7,,2057593.91,48368000,3602578.68,30578,416607,23,
South Africa,2007,-5939,92131.66,44.2,26052,14567,,,,,5.36,,,581815,11484,,6,9,,2346649.86,48974000,3795693.98,32855,494880,24,
South Africa,2008,-1443,124795.87,48.6,27826,16612,,,,,3.19,,,582862,12995,,9.3,11,18808476.85,2611630.83,49628000,3916816.24,38451,572559,23,
South Africa,2009,-25523,181214.54,52.7,30694,20040,,,,,-1.54,,,637208,15817,,8.1,11.5,18981813.71,2794228.41,50337000,3856572.11,39544,627670,23,
South Africa,2010,-18234,177096.21,55.8,31895,21639,,,,,3.04,,,767164,21001,,6.2,7,18409669.98,3055613.2,51096000,3973801.6,39672,598481,25,
South Africa,2011,-13176,181027.65,57.8,30601,29834,,,,,3.17,,,965714,24488,,3.7,5.5,18500630.42,3327047.01,51889000,4099713.74,48713,673928,25,
South Africa,2012,-25569,202842.48,61.4,34659,42053,,,,,2.4,,,1173064,29339,,6.3,5.5,19052836.2,3566385.04,52699000,4197952.41,50555,742576,25,
South Africa,2013,-30941,224793.04,64.8,38046,47607,,53277,,,2.49,,,1349556,31966,77804,5.4,5,19420327.46,3868630.21,53524000,4302291.18,47302,813671,25,199715
South Africa,2014,-27964,252397.69,68.5,40279,52511,,77783,,,1.41,,,1552675,35038,94716,5.8,5.5,20121757.52,4133873.02,54369000,4363118.11,54738,899888,25,221290.15
South Africa,2015,-34521,265181.82,71.6,42598,57643,,67063,,,1.32,,,1788152,39045,91282,4.4,5.75,20994119.45,4420792.53,55204000,4420792.52,56021,986295,26,233488.52
South Africa,2016,-29264,283274.15,76,44896,63829,,69665,,,0.66,,,2019267,42452,89168,6.2,6.75,21397775.97,4759554.55,56020000,4450171,68229,1069983,27,254811
South Africa,2017,-32861,271943.7,81.2,46900,71699,,80213,,,1.16,,,2229662,44856,91412,6.6,7,22426362.51,5078189.93,56840000,4501701.62,65963,1144081,28,268477.33
South Africa,2018,-49871,249757.86,84.7,46792,76119,,80855,,,1.56,,,2520112,49378,107978,4.4,6.75,22357924.51,5363190.43,57673000,4571783.38,74190,1216464,27,299685.71
South Africa,2019,-64891,230151.28,88,47305,97208,,88639,,,0.26,,,2746860,53911,101705,4,6.75,22492221.54,5625206.55,58533000,4583667.07,75792,1287690,28,310891.67
South Africa,2020,-50293,204324.85,91.8,51495,113700,,100890,,,-6.17,,,3194883,58417,103611,4.5,6.25,23452204.37,5562760.34,59353000,4300904.42,91008,1355766,30,304332.37
South Africa,2021,-110002,199810.35,94.8,50841,117221,,110113,,,4.96,,,3897788,66074,97691,3.2,3.5,22237262.29,6220151.64,59965000,4514015.64,84285,1249711,33,339277.03
South Africa,2022,-61498,209916.09,100.2,52329,125304,,130124,,,1.91,,,4228699,73452,126571,5.7,4,22776000.51,6655523.78,60605000,4600300.14,105096,1563754,35,356148.66
South Africa,2023,-106827,232707.41,107.4,56554,139518,,139355,,,0.7,,,4753830,71514,162410,6.9,7.25,24125027.79,7023994.46,62028000,4632432.56,114088,1686697,33,
South Africa,2024,-68617,,113.2,,,,143989,,,0.6,,,5187768,,153678,5.3,8.25,24970638.1,7336242,63016000,4659294,115521,,33,
South Africa,2025,-70273,,99.3,,,,148967,,,,,,5624092,,165387,3.2,7.75,25014944.26,,,,121294,,33,
Tanzania,1997,,,,,,,,,,,,,,,1948.2,,,,,,,,,,
Tanzania,1998,,,,,,,,,,,,,,,2337.48,,,,,,,,,,
Tanzania,1999,,,,,,,1201.75,,,,,,,,2210.4,,,,,,,,,,
Tanzania,2000,,,,,,,1360.96,,,,,,,,2049.98,,,,,,,,,,
Tanzania,2001,,,,,,,1766.7,,,,,,,,2209.69,,,,,,,,,,
Tanzania,2002,,,,,,,1899.7,,,4.4,,,,,2143.86,,,,,,,,,,
Tanzania,2003,,,,,,,2168.61,,,5.8,,,,,2659.16,,,,,,,,,,
Tanzania,2004,,,,,,,2615.27,,,7.8,,,,,3457.56,,,,,,,,,,
Tanzania,2005,,,,,,,2948.27,,,5.7,,,,,4204.89,,,,19112830,,23582244,,,,
Tanzania,2006,,,,,,,3271.38,,,3.3,,,,,5113.44,,,,23298435,,24681311,,,,
Tanzania,2007,,,,,,,3899.87,,,10.9,,,,,6274.32,,,,26770432,,26770432,,,,
Tanzania,2008,,,,,,,5110.77,,,3.8,,,,,8674.17,,,,32764940,,28260633,,,,
Tanzania,2009,,,,,,,4713.84,,,6.8,,,,,7556.1,,,,37726824,,29781719,,,,
Tanzania,2010,-3512.2,2611.3,,,,8173.7,5805.99,,,5,,,,,9054.39,,7.6,,43836018,,31675504,4661.5,4427.8,,1488.4
Tanzania,2011,-3861.4,2749,,,,9439.4,6733.29,,,7.9,,,,,12035.57,,7.6,,52762581,,34179297,5736.3,5293.3,,1632.9
Tanzania,2012,-3543.1,3774.7,,,,10764.5,7907.47,,,7.1,,,,,12678.02,,12,,61434214,,35936459,7221.4,6480.5,,2072.6
Tanzania,2013,-5100.4,4499.7,,,,13543,7773.89,,,4.5,,,,,13517.6,,12,,70953227,,38546546,8442.6,7730,,2374.9
Tanzania,2014,-3775.7,3926,,,,13958.2,8056.78,,,8.5,,,,,13566.07,,12,,82603388,,88874111,10182.5,9294.4,,2647.7
Tanzania,2015,-4006,3710.2,94.5,,,14603.7,7752.96,5,,2.9,,,,,10561.04,4,12,,94349316,,94349316,10957.8,9891.7,,3031.8
Tanzania,2016,-3711.6,4339.6,100.7,,,17759.6,8023.72,10.3,,9.7,,,,,8958.43,6.5,12,,108362324,,100828393,14048,12411,,3553.6
Tanzania,2017,-2258.9,7272.8,105.9,,,18898.7,7932.56,8.2,,4.9,,,,,9294.4,5.2,12,,118742133,,107611391,16639.8,14055.2,,3979.5
Tanzania,2018,-2523.2,7615.8,110.1,,,20468.1,7917.14,6.7,,7.5,,,,,10445.41,4,12,,123997772,,115174468,17944.9,15191.4,,4478.9
Tanzania,2019,-3771.1,8493.8,113.4,,,22300.6,9284.74,2.3,,6.5,,,,,10403.61,3,12,,134540194,,123139239,18529.6,15511.3,,4781.6
Tanzania,2020,-2440,9309,98.1,,,23510,8245.1,6.4,,5.2,,,,,9150.72,3.7,12,,145384353,,128723538,21070,17623,,5184
Tanzania,2021,-5991,11702,101.5,,,26585,9508.61,,,4.5,,,,,11610.39,3.5,12,,156167137,,134951513,20595,17624,,5218
Tanzania,2022,-7420,15817,105.6,,,31816,11586.86,,,6,,,,,16674.12,4,12,,170820032,,141247193,24396,20931,,6298
Tanzania,2023,-9880,15682,110.8,,,36157,13560.87,9.9,,5,,,,,16124.8,4.9,12,,188788052,,148399757,26278,21411,,7067
Tanzania,2024,,,114.1,,,,9121.6,1.5,,5.6,,,,,16887.8,3,5.5,,50778146,,38730692,2425109.47,1949346.07,,
Tanzania,2025,,,117.57,,,,,5.3,,,,,,,,3.1,6,,,,,,,,
Togo,1965,,,,,,,,,,,,,,,,,,,43.5,,625.21,,,,
Togo,1966,,,,,,,,,,,,,,,,,,,53.1,,683.75,,4.6,,
Togo,1967,,,,,,,,,,,,,,,,,,,57,,721.06,,5.1,,
Togo,1968,,,,,,,,,,,,,,,,,,,59.9,,757.72,,5.4,,
Togo,1969,,,,,,,,,,,,,,,,,,,69.6,,839.41,,6.5,,
Togo,1970,,,,,,,,,,,,,11,,,,,,73.7,2197383,860.64,,8.9,,
Togo,1971,,,,,,,,,,,,,13.02,,,,,,81.9,2267211,860.64,,10.4,,
Togo,1972,,,,,,,,,,,,,11.86,,,,,,87.6,2330704,926.24,,11.7,,
Togo,1973,,,,,,,,,,,,,15.51,,,,,,90.4,2390909,962.26,,11,,
Togo,1974,,,,,,,51.77,,,,,,30.52,,-23.6,,,,130.7,2450335,1008.58,,15.2,,
Togo,1975,,,,,,,30.21,,,,,,35.97,,-45.33,,,,128.3,2509713,1033.02,,26.2,,
Togo,1976,,,,,,,37.96,,,,,,57.88,,-43.16,,,,136.3,2569671,1011.79,,32.3,,
Togo,1977,,,,,,,48.96,,,,,,106.7,,-62.09,,,,168.8,2630626,1082.55,,40.7,,
Togo,1978,,,,,,,59.11,,,,,,185.07,,-92.72,,,,188.8,2693400,1202.19,,49.6,,
Togo,1979,,,,,,,61.81,,,,,,234.7,,-98.77,,,,212.8,2761240,1139.79,,49.9,,
Togo,1980,,,,,,,100.52,,,,,,237.11,,-110.74,,,,238.4,2838110,1305.75,,60,,
Togo,1981,,,,,,,102.64,,,,,,273.18,,-112.48,,,,258,2925865,1262.65,,54.1,,
Togo,1982,,,,,,,113.31,,,,,,312.47,,-134.12,,,,269.7,3023343,1217.62,,64.5,,
Togo,1983,,,,,,,104.22,,,,,,349.33,,-111.19,,,,298,3126635,1151.37,,62,,
Togo,1984,,,,,,,127.14,,,,,,353.02,,-115.01,,,,313.8,3232244,1215.7,,68.7,,
Togo,1985,,,,,,,126.69,,,,,,420.18,,-136.46,,,,342.5,3336508,1283.23,,77,,
Togo,1986,,,,,,,125.49,,,,,,368.88,,-144.95,,,,367.4,3439370,1303.17,,78.6,,
Togo,1987,,,,,,,119.47,,,,,,371.11,,-131.37,,,,375.4,3544927,1309.61,,73.5,,
Togo,1988,,,,,,,129.67,,,,,,364.07,,-150.25,,,,412.1,3653420,1390.65,,79.6,,
Togo,1989,,,,,,,131.34,,,,,,375.24,,-149.97,,,,431.6,3763657,1447.9,,83.8,,
Togo,1990,-12.9,32.2,,,,127.6,139.9,,,-0.3,,,348.65,,-164.1,,,,687.76,3875947,1686.54,127.6,82.5,,
Togo,1991,-29.4,20.4,,,,115,145.12,,,-0.52,,,381.19,,-159.96,,,,704.12,3990215,1677.79,115,68.9,,
Togo,1992,-18.2,15.7,,,,98.8,111.1,,,-3.23,,,358.05,,-144.9,,,,692.78,4106219,1623.6,98.8,54.9,,
Togo,1993,-53.8,8.2,,,,93.1,74.76,,,-15.73,,,366.28,,-106.27,,,,564.94,4078392,1369.09,93.1,30.9,,
Togo,1994,-59.3,12.4,,,,135.9,182.32,,,14.56,,,808.23,,-202.94,,,,858.5,4092612,1568.43,135.9,60.3,,
Togo,1995,-42,22.9,,,,147.2,188.38,,,5.37,,,736.62,,-252.8,,,,1019.32,4279566,1652.6,147.2,88.8,,
Togo,1996,-24.2,15.1,97.8,,,150.7,225.41,,,7.67,,,761.25,,-290.45,,,,1141.78,4445883,1780.56,150.7,98.1,,
Togo,1997,-20.8,17.6,64.8,,,161.2,246.58,,,3.81,,,785.45,,-309.65,,,,1326.67,4592550,1848,161.2,115.7,,
Togo,1998,-71.8,34.2,67.2,,,212.3,247.94,4.4,,-2.3,,,868.31,,-326.51,3.61,,,1269.1,4728297,1806.4,212.3,115,,
Togo,1999,-33.2,29,67.5,,,175,241.03,-4.89,,2.62,,,937.86,,-301.34,0.48,,,1326.91,4867941,1852.66,175,112.7,,
Togo,2000,-54.6,28.3,71.4,,,175.8,257.61,6.33,,-0.96,,,902.2,,-344.92,5.74,,,1496.23,5008035,1834.81,175.8,103.9,,
Togo,2001,-20,22.8,68.7,,,152.1,261.85,-11.8,,0.82,,,950.3,,-378.3,-3.77,,,1533.19,5145426,1849.92,152.1,108.2,,
Togo,2002,-7,14.4,73.2,,,135.3,295.69,13.35,,3.83,,,893.5,,-401.15,6.6,,,1671.88,5281538,1920.71,135.3,115.5,,
Togo,2003,17,10.4,73.1,,,153.8,347.39,-4.18,,6.72,,,827,,-438.48,-0.18,,,1732.66,5421001,2049.78,153.8,148.8,,
Togo,2004,13.7,15.8,72.5,,,165.8,317.51,-4.28,,-0.98,,,781.4,,-450.75,-0.79,,,1682.93,5565218,2029.72,165.8,161,,
Togo,2005,-31.9,36.6,76.9,,,219.8,334.46,6.4,,-4.67,,,820.4,,-483.91,5.99,13.04,,1698.71,5711597,1935.01,219.8,162,,
Togo,2006,-32.3,47.3,79.9,,,244.2,329.61,4.69,,2.65,,,839.95,,-496.26,3.93,8.53,,1734.93,5874240,1986.29,244.2,179.1,,
Togo,2007,-7.9,24.1,80.7,,,231.6,324.41,1.84,,-1.18,,,847.2,,-513.76,1.09,11.14,,1799.65,6047537,1962.95,231.6,195.9,,
Togo,2008,-3.4,49.9,83.7,,,253.3,381.8,8.07,,4.04,,,680,,-585.39,3.67,10.58,,2042.17,6222482,2042.17,253.3,211.2,,
Togo,2009,-9,92.2,89.92,,,326.3,426.4,19.39,,5.45,,,770.124,,-621,7.42,9.58,,2220.67,6398624,2153.54,326.3,229.1,,
Togo,2010,4.6,123.6,91.69,,,354.5,483.5,4.09,,5.85,,,260.3,,705.5,1.98,9.44,,2348.49,6571855,2279.62,354.5,246.7,,
Togo,2011,-19.7,144.2,95.99,,,420.8,556.2,3.21,,5.82,,,241.9,,953.1,4.69,9.25,,2555.32,6748672,2412.37,420.8,291.4,,
Togo,2012,-115.4,175.1,97.32,,,535,670.7,-1.45,,6.3,,,278.8,,955.5,1.38,9.56,,2763.92,6926635,2564.41,535,327.7,,
Togo,2013,-94.8,162.2,100.67,,,614.4,751.9,4.84,,5.82,,,357.4,,1182,3.45,9.23,,2974.13,7106229,2713.77,614.4,402.8,,
Togo,2014,-74.7,207.3,98.62,,,636.7,655.5,-9.48,,5.63,,,382.3,,1093.9,-2.04,8.88,,3156.75,7288383,2866.64,636.7,458.2,,
Togo,2015,-152.4,277.7,101.39,,,780.6,597.7,6.95,,5.47,,,527.2,,1208.5,2.81,8.36,,3402.69,7473229,3023.39,780.6,516.3,,
Togo,2016,-217.7,332.4,103.19,,,912.7,614.2,5.37,,5.7,,,564.1,,1185.9,1.77,9.44,,3597.8,7661354,3196.75,912.7,568.5,,
Togo,2017,-7.8,174.5,101.65,,,717.7,591.5,-3,,4,,,550.2,,965.3,-1.5,8.67,,3708.9,7852795,3324.88,717.7,563.2,,
Togo,2018,-23.1,201.69,102.05,,,789,600.4,-1.05,,4.8,,,600.8,,1035.1,0.4,8.74,,3904.4,8046679,3484.31,789,546.9,,
Togo,2019,68,129.75,104.64,,,753.7,618.2,3.96,,4.9,,,751.3,,1061.7,2.54,8.349,,4097.1,8243094,3655.85,753.7,626.2,,
Togo,2020,-307.5,394.19,105.4,,,1131.3,695,-1.67,,2,,,981.3,,1123.2,0.7,7.51,,4259.3,8442580,3728.53,1131.3,655.2,,
Togo,2021,-215.5,379.83,107.41,,,1139.4,720.8,4.91,,5.99,,,1064,,1275.4,1.9,7.4,,4625.84,8644829,3951.91,1139.4,779.6,,
Togo,2022,-422.3,610.8,115.4,,,1477.2,899.2,16.8,,5.9,,,3337.3,,1616,7.5,7.7,,5104.8,8848699,4183.09,1477.2,864.8,,
Togo,2023,-370.5,610.8,124,,,1642.8,953.3,5.6,,6.5,,,3707.9,,1708.9,7.4,7.65,,5613.2,9053799,4452.7,1642.8,991.6,,
Togo,2024,-362.6,,126.39,,,1703.6,989.6,0.37,,6.3,,,4156.6,,1819.7,1.95,7.49,,6098.4,,4731.47,1703.6,1113.4,,
Togo,2025,,,102.8,,,,,9.1,,,,,,,,2.2,7.67,,,,,,,,
